antecedents,consequents,antecedent support,consequent support,support,confidence,lift,leverage,conviction,zhangs_metric
22386,85099B,0.044952498648335525,0.0824515331737082,0.032169614582528774,0.7156357388316151,8.679471579065968,0.028463212148984465,3.2266659075099806,0.9264310010296071
21931,85099B,0.04410288097628794,0.0824515331737082,0.028307716073221596,0.6418563922942206,7.784650783169344,0.024671365919349087,2.5619568438034843,0.9117530210741028
22411,85099B,0.042558121572565076,0.0824515331737082,0.026376766818568008,0.6197822141560798,7.516927706490646,0.02286778444591695,2.413218163347431,0.9055034519707628
